Date,Time,Away,Home,AwayFull,HomeFull,AwayML,HomeML,Spread,SpreadOdds,Total,OverOdds,UnderOdds,Book,GameID,LastUpdated
2026-10-10,12:00,Arizona Wildcats,West Virginia Mountaineers,Arizona Wildcats,West Virginia Mountaineers,-160.0,135.0,3.5,-105.0,60.5,-115,-105,BetMGM,5d7901b0ad44ffe1b92e18fc8d511a7e,2026-10-10 08:29
2026-10-10,12:00,Arizona Wildcats,West Virginia Mountaineers,Arizona Wildcats,West Virginia Mountaineers,-175.0,145.0,3.5,-112.0,60.5,-115,-105,DraftKings,5d7901b0ad44ffe1b92e18fc8d511a7e,2026-10-10 08:29
2026-10-10,12:00,Arizona Wildcats,West Virginia Mountaineers,Arizona Wildcats,West Virginia Mountaineers,-160.0,132.0,3.5,-106.0,60.5,-110,-110,FanDuel,5d7901b0ad44ffe1b92e18fc8d511a7e,2026-10-10 08:30
2026-10-10,12:00,Indiana Hoosiers,Nebraska Cornhuskers,Indiana Hoosiers,Nebraska Cornhuskers,-350.0,275.0,8.5,-105.0,48.5,-105,-115,BetMGM,3e691b53c660a64495a44816768176e8,2026-10-10 08:29
2026-10-10,12:00,Indiana Hoosiers,Nebraska Cornhuskers,Indiana Hoosiers,Nebraska Cornhuskers,-340.0,270.0,8.5,-105.0,48.5,-105,-115,DraftKings,3e691b53c660a64495a44816768176e8,2026-10-10 08:29
2026-10-10,12:00,Indiana Hoosiers,Nebraska Cornhuskers,Indiana Hoosiers,Nebraska Cornhuskers,-330.0,260.0,7.5,-120.0,48.5,-105,-115,FanDuel,3e691b53c660a64495a44816768176e8,2026-10-10 08:30
2026-10-10,12:00,North Carolina Tar Heels,Pittsburgh Panthers,North Carolina Tar Heels,Pittsburgh Panthers,145.0,-175.0,-3.5,-110.0,46.5,-115,-105,BetMGM,b067027cbaeaf86e6c9bb26becb97c94,2026-10-10 08:29
2026-10-10,12:00,North Carolina Tar Heels,Pittsburgh Panthers,North Carolina Tar Heels,Pittsburgh Panthers,154.0,-185.0,-3.5,-108.0,46.5,-118,-102,DraftKings,b067027cbaeaf86e6c9bb26becb97c94,2026-10-10 08:29
2026-10-10,12:00,North Carolina Tar Heels,Pittsburgh Panthers,North Carolina Tar Heels,Pittsburgh Panthers,150.0,-182.0,-3.5,-108.0,47.5,-105,-115,FanDuel,b067027cbaeaf86e6c9bb26becb97c94,2026-10-10 08:30
2026-10-10,12:00,Sacramento State Hornets,Bowling Green Falcons,Sacramento State Hornets,Bowling Green Falcons,260.0,-325.0,-8.5,-110.0,43.5,-115,-105,BetMGM,5a88faaeb5fcbb11e975498eca213c27,2026-10-10 08:29
2026-10-10,12:00,Sacramento State Hornets,Bowling Green Falcons,Sacramento State Hornets,Bowling Green Falcons,260.0,-325.0,-8.5,-108.0,43.5,-115,-105,DraftKings,5a88faaeb5fcbb11e975498eca213c27,2026-10-10 08:29
2026-10-10,12:00,Sacramento State Hornets,Bowling Green Falcons,Sacramento State Hornets,Bowling Green Falcons,270.0,-345.0,-8.5,-110.0,43.5,-106,-114,FanDuel,5a88faaeb5fcbb11e975498eca213c27,2026-10-10 08:30
2026-10-10,12:00,Texas A&M Aggies,Missouri Tigers,Texas A&M Aggies,Missouri Tigers,140.0,-165.0,-3.5,-110.0,49.5,-110,-110,BetMGM,9e243e91f8f94e6431da5cc5c3cc8fda,2026-10-10 08:29
2026-10-10,12:00,Texas A&M Aggies,Missouri Tigers,Texas A&M Aggies,Missouri Tigers,150.0,-180.0,-3.5,-110.0,49.5,-110,-110,DraftKings,9e243e91f8f94e6431da5cc5c3cc8fda,2026-10-10 08:29
2026-10-10,12:00,Texas A&M Aggies,Missouri Tigers,Texas A&M Aggies,Missouri Tigers,140.0,-170.0,-3.5,-106.0,49.5,-114,-106,FanDuel,9e243e91f8f94e6431da5cc5c3cc8fda,2026-10-10 08:30
2026-10-10,12:00,Tulane Green Wave,Army Black Knights,Tulane Green Wave,Army Black Knights,135.0,-160.0,-3.5,-105.0,48.5,-105,-115,BetMGM,3350fb5023fd4b47b86d34fcc5f47c17,2026-10-10 08:29
2026-10-10,12:00,Tulane Green Wave,Army Black Knights,Tulane Green Wave,Army Black Knights,145.0,-175.0,-3.5,-108.0,48.5,-110,-110,DraftKings,3350fb5023fd4b47b86d34fcc5f47c17,2026-10-10 08:29
2026-10-10,12:00,Tulane Green Wave,Army Black Knights,Tulane Green Wave,Army Black Knights,134.0,-162.0,-3.5,-105.0,48.5,-115,-105,FanDuel,3350fb5023fd4b47b86d34fcc5f47c17,2026-10-10 08:30
2026-10-10,12:00,UCF Knights,Oklahoma State Cowboys,UCF Knights,Oklahoma State Cowboys,340.0,-450.0,-10.5,-110.0,53.5,-110,-110,BetMGM,690e2edaba34c383d2ebfa8f8394f973,2026-10-10 08:29
2026-10-10,12:00,UCF Knights,Oklahoma State Cowboys,UCF Knights,Oklahoma State Cowboys,350.0,-455.0,-10.5,-112.0,53.5,-112,-108,DraftKings,690e2edaba34c383d2ebfa8f8394f973,2026-10-10 08:29
2026-10-10,12:00,UCF Knights,Oklahoma State Cowboys,UCF Knights,Oklahoma State Cowboys,300.0,-385.0,-10.5,-108.0,54.5,-106,-114,FanDuel,690e2edaba34c383d2ebfa8f8394f973,2026-10-10 08:30
2026-10-10,12:00,Wake Forest Demon Deacons,NC State Wolfpack,Wake Forest Demon Deacons,NC State Wolfpack,-175.0,145.0,3.5,-115.0,57.5,-115,-105,BetMGM,416ce0307b7b9d97f5365a29c1729339,2026-10-10 08:29
2026-10-10,12:00,Wake Forest Demon Deacons,NC State Wolfpack,Wake Forest Demon Deacons,NC State Wolfpack,-166.0,140.0,3.5,-115.0,57.5,-110,-110,DraftKings,416ce0307b7b9d97f5365a29c1729339,2026-10-10 08:29
2026-10-10,12:00,Wake Forest Demon Deacons,NC State Wolfpack,Wake Forest Demon Deacons,NC State Wolfpack,-162.0,134.0,3.5,-120.0,57.5,-112,-108,FanDuel,416ce0307b7b9d97f5365a29c1729339,2026-10-10 08:30
2026-10-10,12:30,Ball State Cardinals,Northwestern Wildcats,Ball State Cardinals,Northwestern Wildcats,,,-35.5,-110.0,52.5,-105,-115,BetMGM,71ed0e11bb0f2e5149ac4821fcde4599,2026-10-10 08:29
2026-10-10,12:30,Ball State Cardinals,Northwestern Wildcats,Ball State Cardinals,Northwestern Wildcats,,,-35.5,-108.0,53.5,-112,-108,DraftKings,71ed0e11bb0f2e5149ac4821fcde4599,2026-10-10 08:29
2026-10-10,12:30,Ball State Cardinals,Northwestern Wildcats,Ball State Cardinals,Northwestern Wildcats,3500.0,-20000.0,-35.5,-112.0,52.5,-118,-104,FanDuel,71ed0e11bb0f2e5149ac4821fcde4599,2026-10-10 08:30
2026-10-10,12:45,South Carolina Gamecocks,Florida Gators,South Carolina Gamecocks,Florida Gators,350.0,-450.0,-11.5,-105.0,58.5,-115,-105,BetMGM,9383cbbbb905d9ee50a3341f6945eae7,2026-10-10 08:29
2026-10-10,12:45,South Carolina Gamecocks,Florida Gators,South Carolina Gamecocks,Florida Gators,360.0,-470.0,-10.5,-115.0,58.5,-118,-102,DraftKings,9383cbbbb905d9ee50a3341f6945eae7,2026-10-10 08:29
2026-10-10,12:45,South Carolina Gamecocks,Florida Gators,South Carolina Gamecocks,Florida Gators,340.0,-450.0,-11.5,-110.0,58.5,-118,-104,FanDuel,9383cbbbb905d9ee50a3341f6945eae7,2026-10-10 08:30
2026-10-10,13:00,Old Dominion Monarchs,Appalachian State Mountaineers,Old Dominion Monarchs,Appalachian State Mountaineers,300.0,-375.0,-9.5,-115.0,47.5,-110,-110,BetMGM,310dd8851a99203930a45881b0156d36,2026-10-10 08:29
2026-10-10,13:00,Old Dominion Monarchs,Appalachian State Mountaineers,Old Dominion Monarchs,Appalachian State Mountaineers,295.0,-375.0,-10.0,-108.0,47.5,-108,-112,DraftKings,310dd8851a99203930a45881b0156d36,2026-10-10 08:29
2026-10-10,13:00,Old Dominion Monarchs,Appalachian State Mountaineers,Old Dominion Monarchs,Appalachian State Mountaineers,310.0,-400.0,-9.5,-115.0,47.5,-106,-114,FanDuel,310dd8851a99203930a45881b0156d36,2026-10-10 08:30
2026-10-10,13:00,Rice Owls,East Carolina Pirates,Rice Owls,East Carolina Pirates,290.0,-375.0,-10.0,-110.0,47.5,-105,-115,BetMGM,f513c11a62ce92d74d70cf446e92e197,2026-10-10 08:29
2026-10-10,13:00,Rice Owls,East Carolina Pirates,Rice Owls,East Carolina Pirates,300.0,-380.0,-10.0,-110.0,46.5,-110,-110,DraftKings,f513c11a62ce92d74d70cf446e92e197,2026-10-10 08:29
2026-10-10,13:00,Rice Owls,East Carolina Pirates,Rice Owls,East Carolina Pirates,300.0,-385.0,-9.5,-114.0,46.5,-108,-112,FanDuel,f513c11a62ce92d74d70cf446e92e197,2026-10-10 08:30
2026-10-10,14:00,Miami (OH) RedHawks,UMass Minutemen,Miami (OH) RedHawks,UMass Minutemen,-185.0,150.0,,,44.5,-110,-110,BetMGM,43dda5e509a9619bee41f752a2c25fa7,2026-10-10 08:29
2026-10-10,14:00,Miami (OH) RedHawks,UMass Minutemen,Miami (OH) RedHawks,UMass Minutemen,-198.0,164.0,4.5,-112.0,44.5,-110,-110,DraftKings,43dda5e509a9619bee41f752a2c25fa7,2026-10-10 08:29
2026-10-10,14:00,Miami (OH) RedHawks,UMass Minutemen,Miami (OH) RedHawks,UMass Minutemen,-200.0,164.0,4.5,-110.0,44.5,-104,-118,FanDuel,43dda5e509a9619bee41f752a2c25fa7,2026-10-10 08:30
2026-10-10,15:30,Buffalo Bulls,Toledo Rockets,Buffalo Bulls,Toledo Rockets,775.0,-1400.0,-19.5,-110.0,55.5,-110,-110,BetMGM,e2a6fcdae461277e7cc041ff631d1b0c,2026-10-10 08:29
2026-10-10,15:30,Buffalo Bulls,Toledo Rockets,Buffalo Bulls,Toledo Rockets,700.0,-1100.0,-18.5,-108.0,55.5,-105,-115,DraftKings,e2a6fcdae461277e7cc041ff631d1b0c,2026-10-10 08:29
2026-10-10,15:30,Buffalo Bulls,Toledo Rockets,Buffalo Bulls,Toledo Rockets,810.0,-1450.0,-19.5,-115.0,55.5,-102,-120,FanDuel,e2a6fcdae461277e7cc041ff631d1b0c,2026-10-10 08:30
2026-10-10,15:30,Central Michigan Chippewas,Ohio Bobcats,Central Michigan Chippewas,Ohio Bobcats,110.0,-135.0,-2.5,-105.0,46.5,-110,-110,BetMGM,6c0ea3fe653989dd0d695482738232c3,2026-10-10 08:29
2026-10-10,15:30,Central Michigan Chippewas,Ohio Bobcats,Central Michigan Chippewas,Ohio Bobcats,114.0,-135.0,-2.5,-112.0,46.5,-108,-112,DraftKings,6c0ea3fe653989dd0d695482738232c3,2026-10-10 08:29
2026-10-10,15:30,Central Michigan Chippewas,Ohio Bobcats,Central Michigan Chippewas,Ohio Bobcats,108.0,-130.0,-2.5,-110.0,45.5,-114,-106,FanDuel,6c0ea3fe653989dd0d695482738232c3,2026-10-10 08:30
2026-10-10,15:30,Charlotte 49ers,North Texas Mean Green,Charlotte 49ers,North Texas Mean Green,2200.0,-10000.0,-28.5,-105.0,57.5,-115,-105,BetMGM,2168132b20b82bf78e08f1787b6f83cc,2026-10-10 08:29
2026-10-10,15:30,Charlotte 49ers,North Texas Mean Green,Charlotte 49ers,North Texas Mean Green,1700.0,-4500.0,-28.5,-108.0,58.5,-105,-115,DraftKings,2168132b20b82bf78e08f1787b6f83cc,2026-10-10 08:29
2026-10-10,15:30,Charlotte 49ers,North Texas Mean Green,Charlotte 49ers,North Texas Mean Green,2000.0,-7000.0,-28.5,-114.0,58.5,-106,-114,FanDuel,2168132b20b82bf78e08f1787b6f83cc,2026-10-10 08:30
2026-10-10,15:30,Duke Blue Devils,Georgia Tech Yellow Jackets,Duke Blue Devils,Georgia Tech Yellow Jackets,-250.0,200.0,6.5,-115.0,43.5,-115,-105,BetMGM,43457c08aa50a7e0038aa06eb3437680,2026-10-10 08:29
2026-10-10,15:30,Duke Blue Devils,Georgia Tech Yellow Jackets,Duke Blue Devils,Georgia Tech Yellow Jackets,-245.0,200.0,6.5,-110.0,44.5,-110,-110,DraftKings,43457c08aa50a7e0038aa06eb3437680,2026-10-10 08:29
2026-10-10,15:30,Duke Blue Devils,Georgia Tech Yellow Jackets,Duke Blue Devils,Georgia Tech Yellow Jackets,-250.0,202.0,6.5,-114.0,44.5,-108,-112,FanDuel,43457c08aa50a7e0038aa06eb3437680,2026-10-10 08:30
2026-10-10,15:30,Eastern Michigan Eagles,Akron Zips,Eastern Michigan Eagles,Akron Zips,-220.0,180.0,5.5,-110.0,51.5,-115,-105,BetMGM,d5c5d566d388f445ead9c2dc63caaed1,2026-10-10 08:29
2026-10-10,15:30,Eastern Michigan Eagles,Akron Zips,Eastern Michigan Eagles,Akron Zips,-218.0,180.0,5.5,-110.0,51.5,-115,-105,DraftKings,d5c5d566d388f445ead9c2dc63caaed1,2026-10-10 08:29
2026-10-10,15:30,Eastern Michigan Eagles,Akron Zips,Eastern Michigan Eagles,Akron Zips,-210.0,172.0,5.5,-110.0,52.5,-104,-118,FanDuel,d5c5d566d388f445ead9c2dc63caaed1,2026-10-10 08:30
2026-10-10,15:30,Houston Cougars,Kansas State Wildcats,Houston Cougars,Kansas State Wildcats,120.0,-145.0,-2.5,-105.0,55.5,-105,-115,BetMGM,373204ebaf557738961c85f37a72fe10,2026-10-10 08:29
2026-10-10,15:30,Houston Cougars,Kansas State Wildcats,Houston Cougars,Kansas State Wildcats,114.0,-135.0,-2.5,-110.0,55.5,-102,-118,DraftKings,373204ebaf557738961c85f37a72fe10,2026-10-10 08:29
2026-10-10,15:30,Houston Cougars,Kansas State Wildcats,Houston Cougars,Kansas State Wildcats,114.0,-137.0,-2.5,-110.0,55.5,-106,-114,FanDuel,373204ebaf557738961c85f37a72fe10,2026-10-10 08:30
2026-10-10,15:30,Illinois Fighting Illini,Michigan State Spartans,Illinois Fighting Illini,Michigan State Spartans,-140.0,115.0,2.5,-115.0,47.5,-115,-105,BetMGM,92f26a40bba178c47bbade8c9af0ada3,2026-10-10 08:29
2026-10-10,15:30,Illinois Fighting Illini,Michigan State Spartans,Illinois Fighting Illini,Michigan State Spartans,-135.0,114.0,2.5,-120.0,48.5,-105,-115,DraftKings,92f26a40bba178c47bbade8c9af0ada3,2026-10-10 08:29
2026-10-10,15:30,Illinois Fighting Illini,Michigan State Spartans,Illinois Fighting Illini,Michigan State Spartans,-137.0,114.0,2.5,-115.0,48.5,-112,-108,FanDuel,92f26a40bba178c47bbade8c9af0ada3,2026-10-10 08:30
2026-10-10,15:30,Kent State Golden Flashes,Western Michigan Broncos,Kent State Golden Flashes,Western Michigan Broncos,425.0,-600.0,-13.5,-105.0,43.5,-110,-110,BetMGM,6050a18b694eb1d661ee7fa571b7ddbb,2026-10-10 08:29
2026-10-10,15:30,Kent State Golden Flashes,Western Michigan Broncos,Kent State Golden Flashes,Western Michigan Broncos,440.0,-600.0,-14.0,-112.0,43.5,-110,-110,DraftKings,6050a18b694eb1d661ee7fa571b7ddbb,2026-10-10 08:29
2026-10-10,15:30,Kent State Golden Flashes,Western Michigan Broncos,Kent State Golden Flashes,Western Michigan Broncos,450.0,-630.0,-13.5,-106.0,43.5,-110,-110,FanDuel,6050a18b694eb1d661ee7fa571b7ddbb,2026-10-10 08:30
2026-10-10,15:30,Ole Miss Rebels,Vanderbilt Commodores,Ole Miss Rebels,Vanderbilt Commodores,-325.0,260.0,9.5,-110.0,54.5,-110,-110,BetMGM,d9b77825d169fdd683f8efa7c1948a8e,2026-10-10 08:29
2026-10-10,15:30,Ole Miss Rebels,Vanderbilt Commodores,Ole Miss Rebels,Vanderbilt Commodores,-355.0,280.0,9.5,-112.0,54.5,-108,-112,DraftKings,d9b77825d169fdd683f8efa7c1948a8e,2026-10-10 08:29
2026-10-10,15:30,Ole Miss Rebels,Vanderbilt Commodores,Ole Miss Rebels,Vanderbilt Commodores,-365.0,285.0,9.5,-115.0,54.5,-114,-106,FanDuel,d9b77825d169fdd683f8efa7c1948a8e,2026-10-10 08:30
2026-10-10,15:30,Stanford Cardinal,Notre Dame Fighting Irish,Stanford Cardinal,Notre Dame Fighting Irish,,,-38.5,-115.0,54.5,-105,-115,BetMGM,496f20b5a45e727fdc2d07915ab0f865,2026-10-10 08:29
2026-10-10,15:30,Stanford Cardinal,Notre Dame Fighting Irish,Stanford Cardinal,Notre Dame Fighting Irish,,,-39.5,-112.0,54.5,-110,-110,DraftKings,496f20b5a45e727fdc2d07915ab0f865,2026-10-10 08:29
2026-10-10,15:30,Stanford Cardinal,Notre Dame Fighting Irish,Stanford Cardinal,Notre Dame Fighting Irish,,,-39.5,-105.0,54.5,-108,-112,FanDuel,496f20b5a45e727fdc2d07915ab0f865,2026-10-10 08:30
2026-10-10,15:30,Texas Longhorns,Oklahoma Sooners,Texas Longhorns,Oklahoma Sooners,-325.0,260.0,7.5,-115.0,39.5,-110,-110,BetMGM,82b83ec87fc2be5faa2e9f26ac50edef,2026-10-10 08:29
2026-10-10,15:30,Texas Longhorns,Oklahoma Sooners,Texas Longhorns,Oklahoma Sooners,-325.0,260.0,7.5,-115.0,39.5,-105,-115,DraftKings,82b83ec87fc2be5faa2e9f26ac50edef,2026-10-10 08:29
2026-10-10,15:30,Texas Longhorns,Oklahoma Sooners,Texas Longhorns,Oklahoma Sooners,-320.0,255.0,7.5,-115.0,38.5,-115,-105,FanDuel,82b83ec87fc2be5faa2e9f26ac50edef,2026-10-10 08:30
2026-10-10,15:30,Tulsa Golden Hurricane,Navy Midshipmen,Tulsa Golden Hurricane,Navy Midshipmen,105.0,-125.0,-1.5,-115.0,48.5,-110,-110,BetMGM,979fefd620ed804180ef3fed873d61c2,2026-10-10 08:29
2026-10-10,15:30,Tulsa Golden Hurricane,Navy Midshipmen,Tulsa Golden Hurricane,Navy Midshipmen,102.0,-122.0,-1.5,-115.0,48.5,-108,-112,DraftKings,979fefd620ed804180ef3fed873d61c2,2026-10-10 08:29
2026-10-10,15:30,Tulsa Golden Hurricane,Navy Midshipmen,Tulsa Golden Hurricane,Navy Midshipmen,108.0,-130.0,-2.5,-108.0,48.5,-110,-110,FanDuel,979fefd620ed804180ef3fed873d61c2,2026-10-10 08:30
2026-10-10,15:30,UCLA Bruins,Oregon Ducks,UCLA Bruins,Oregon Ducks,320.0,-425.0,-10.5,-105.0,58.5,-105,-115,BetMGM,3ad908e99942c191b72d855b6f1b508f,2026-10-10 08:29
2026-10-10,15:30,UCLA Bruins,Oregon Ducks,UCLA Bruins,Oregon Ducks,320.0,-410.0,-10.5,-108.0,57.5,-115,-105,DraftKings,3ad908e99942c191b72d855b6f1b508f,2026-10-10 08:29
2026-10-10,15:30,UCLA Bruins,Oregon Ducks,UCLA Bruins,Oregon Ducks,315.0,-410.0,-10.5,-108.0,57.5,-115,-105,FanDuel,3ad908e99942c191b72d855b6f1b508f,2026-10-10 08:30
2026-10-10,15:30,Virginia Tech Hokies,California Golden Bears,Virginia Tech Hokies,California Golden Bears,-375.0,300.0,10.0,-110.0,53.5,-105,-115,BetMGM,9f633922d2cc5fa338aa22d1fcb83099,2026-10-10 08:29
2026-10-10,15:30,Virginia Tech Hokies,California Golden Bears,Virginia Tech Hokies,California Golden Bears,-375.0,295.0,10.0,-110.0,53.5,-108,-112,DraftKings,9f633922d2cc5fa338aa22d1fcb83099,2026-10-10 08:29
2026-10-10,15:30,Virginia Tech Hokies,California Golden Bears,Virginia Tech Hokies,California Golden Bears,-365.0,285.0,9.5,-105.0,53.5,-110,-110,FanDuel,9f633922d2cc5fa338aa22d1fcb83099,2026-10-10 08:30
2026-10-10,15:45,UConn Huskies,Temple Owls,UConn Huskies,Temple Owls,150.0,-185.0,-3.5,-110.0,54.5,-110,-110,BetMGM,80fbdc19285ed9bab284269273562eb9,2026-10-10 08:29
2026-10-10,15:45,UConn Huskies,Temple Owls,UConn Huskies,Temple Owls,150.0,-180.0,-3.5,-112.0,54.5,-115,-105,DraftKings,80fbdc19285ed9bab284269273562eb9,2026-10-10 08:29
2026-10-10,15:45,UConn Huskies,Temple Owls,UConn Huskies,Temple Owls,146.0,-176.0,-3.5,-110.0,54.5,-110,-110,FanDuel,80fbdc19285ed9bab284269273562eb9,2026-10-10 08:30
2026-10-10,16:15,Maryland Terrapins,Ohio State Buckeyes,Maryland Terrapins,Ohio State Buckeyes,3300.0,-10000.0,-33.5,-110.0,56.5,-110,-110,BetMGM,031164b8d704599d8023a3e104f9a6c0,2026-10-10 08:29
2026-10-10,16:15,Maryland Terrapins,Ohio State Buckeyes,Maryland Terrapins,Ohio State Buckeyes,,,-33.5,-112.0,56.5,-110,-110,DraftKings,031164b8d704599d8023a3e104f9a6c0,2026-10-10 08:29
2026-10-10,16:15,Maryland Terrapins,Ohio State Buckeyes,Maryland Terrapins,Ohio State Buckeyes,3500.0,-20000.0,-33.5,-110.0,56.5,-114,-106,FanDuel,031164b8d704599d8023a3e104f9a6c0,2026-10-10 08:30
2026-10-10,16:15,Tennessee Volunteers,Arkansas Razorbacks,Tennessee Volunteers,Arkansas Razorbacks,-550.0,400.0,13.5,-105.0,51.5,-110,-110,BetMGM,0dd06b09349f56ce8dfc2d61d5fcd042,2026-10-10 08:29
2026-10-10,16:15,Tennessee Volunteers,Arkansas Razorbacks,Tennessee Volunteers,Arkansas Razorbacks,-550.0,410.0,13.5,-105.0,51.5,-105,-115,DraftKings,0dd06b09349f56ce8dfc2d61d5fcd042,2026-10-10 08:29
2026-10-10,16:15,Tennessee Volunteers,Arkansas Razorbacks,Tennessee Volunteers,Arkansas Razorbacks,-550.0,400.0,13.5,-110.0,51.5,-105,-115,FanDuel,0dd06b09349f56ce8dfc2d61d5fcd042,2026-10-10 08:30
2026-10-10,18:00,San Diego State Aztecs,Oregon State Beavers,San Diego State Aztecs,Oregon State Beavers,525.0,-750.0,-16.5,-105.0,53.5,-110,-110,BetMGM,6e4d435e9afc8a6db1162d2057d74acb,2026-10-10 08:29
2026-10-10,18:00,San Diego State Aztecs,Oregon State Beavers,San Diego State Aztecs,Oregon State Beavers,525.0,-750.0,-16.5,-108.0,52.5,-110,-110,DraftKings,6e4d435e9afc8a6db1162d2057d74acb,2026-10-10 08:29
2026-10-10,18:00,San Diego State Aztecs,Oregon State Beavers,San Diego State Aztecs,Oregon State Beavers,580.0,-880.0,-15.5,-118.0,52.5,-108,-112,FanDuel,6e4d435e9afc8a6db1162d2057d74acb,2026-10-10 08:30
2026-10-10,19:00,Coastal Carolina Chanticleers,Marshall Thundering Herd,Coastal Carolina Chanticleers,Marshall Thundering Herd,155.0,-185.0,-4.0,-110.0,58.5,-115,-105,BetMGM,21a7dc0df1a77eb87cc985e844095cf0,2026-10-10 08:29
2026-10-10,19:00,Coastal Carolina Chanticleers,Marshall Thundering Herd,Coastal Carolina Chanticleers,Marshall Thundering Herd,154.0,-185.0,-4.5,-112.0,58.5,-108,-112,DraftKings,21a7dc0df1a77eb87cc985e844095cf0,2026-10-10 08:29
2026-10-10,19:00,Coastal Carolina Chanticleers,Marshall Thundering Herd,Coastal Carolina Chanticleers,Marshall Thundering Herd,155.0,-188.0,-4.5,-115.0,58.5,-108,-112,FanDuel,21a7dc0df1a77eb87cc985e844095cf0,2026-10-10 08:30
2026-10-10,19:00,LSU Tigers,Kentucky Wildcats,LSU Tigers,Kentucky Wildcats,-350.0,280.0,8.5,-110.0,50.5,-115,-105,BetMGM,bdfaffbf5873812f3e04de2cbd273aa6,2026-10-10 08:29
2026-10-10,19:00,LSU Tigers,Kentucky Wildcats,LSU Tigers,Kentucky Wildcats,-345.0,275.0,8.5,-108.0,50.5,-115,-105,DraftKings,bdfaffbf5873812f3e04de2cbd273aa6,2026-10-10 08:29
2026-10-10,19:00,LSU Tigers,Kentucky Wildcats,LSU Tigers,Kentucky Wildcats,-320.0,255.0,8.5,-110.0,50.5,-112,-108,FanDuel,bdfaffbf5873812f3e04de2cbd273aa6,2026-10-10 08:30
2026-10-10,19:00,Nevada Wolf Pack,UTEP Miners,Nevada Wolf Pack,UTEP Miners,-400.0,300.0,10.0,-110.0,49.5,-110,-110,BetMGM,a3ce49a66d513b6bd1772b8696863ee1,2026-10-10 08:29
2026-10-10,19:00,Nevada Wolf Pack,UTEP Miners,Nevada Wolf Pack,UTEP Miners,-375.0,295.0,10.0,-108.0,49.5,-105,-115,DraftKings,a3ce49a66d513b6bd1772b8696863ee1,2026-10-10 08:29
2026-10-10,19:00,Nevada Wolf Pack,UTEP Miners,Nevada Wolf Pack,UTEP Miners,-375.0,290.0,9.5,-114.0,49.5,-110,-110,FanDuel,a3ce49a66d513b6bd1772b8696863ee1,2026-10-10 08:30
2026-10-10,19:00,North Dakota State Bison,UNLV Rebels,North Dakota State Bison,UNLV Rebels,-130.0,110.0,2.5,-110.0,47.5,-118,-102,BetMGM,4f3a6620c44a51f7b649892be381e0eb,2026-10-10 08:29
2026-10-10,19:00,North Dakota State Bison,UNLV Rebels,North Dakota State Bison,UNLV Rebels,-135.0,114.0,2.5,-112.0,47.5,-115,-105,DraftKings,4f3a6620c44a51f7b649892be381e0eb,2026-10-10 08:29
2026-10-10,19:00,North Dakota State Bison,UNLV Rebels,North Dakota State Bison,UNLV Rebels,-144.0,118.0,2.5,-120.0,47.5,-118,-104,FanDuel,4f3a6620c44a51f7b649892be381e0eb,2026-10-10 08:30
2026-10-10,19:00,UAB Blazers,Memphis Tigers,UAB Blazers,Memphis Tigers,475.0,-650.0,-14.5,-110.0,53.5,-110,-110,BetMGM,7cc5cec6dac13487c15b70d0f4411ca6,2026-10-10 08:29
2026-10-10,19:00,UAB Blazers,Memphis Tigers,UAB Blazers,Memphis Tigers,470.0,-650.0,-14.5,-112.0,53.5,-115,-105,DraftKings,7cc5cec6dac13487c15b70d0f4411ca6,2026-10-10 08:29
2026-10-10,19:00,UAB Blazers,Memphis Tigers,UAB Blazers,Memphis Tigers,470.0,-670.0,-14.5,-110.0,54.5,-110,-110,FanDuel,7cc5cec6dac13487c15b70d0f4411ca6,2026-10-10 08:30
2026-10-10,19:30,Air Force Falcons,Northern Illinois Huskies,Air Force Falcons,Northern Illinois Huskies,-300.0,240.0,7.5,-105.0,46.5,-115,-105,BetMGM,b009edde78bdd184c039f774c1795f95,2026-10-10 08:29
2026-10-10,19:30,Air Force Falcons,Northern Illinois Huskies,Air Force Falcons,Northern Illinois Huskies,-310.0,250.0,7.0,-115.0,46.5,-115,-105,DraftKings,b009edde78bdd184c039f774c1795f95,2026-10-10 08:29
2026-10-10,19:30,Air Force Falcons,Northern Illinois Huskies,Air Force Falcons,Northern Illinois Huskies,-330.0,260.0,7.5,-106.0,47.5,-108,-112,FanDuel,b009edde78bdd184c039f774c1795f95,2026-10-10 08:30
2026-10-10,19:30,Georgia Bulldogs,Alabama Crimson Tide,Georgia Bulldogs,Alabama Crimson Tide,-102.0,-118.0,-1.5,-110.0,51.5,-105,-115,BetMGM,59f8c98dee8ce77cc17c5b4958e4f325,2026-10-10 08:29
2026-10-10,19:30,Georgia Bulldogs,Alabama Crimson Tide,Georgia Bulldogs,Alabama Crimson Tide,105.0,-125.0,-2.5,-105.0,51.5,-108,-112,DraftKings,59f8c98dee8ce77cc17c5b4958e4f325,2026-10-10 08:29
2026-10-10,19:30,Georgia Bulldogs,Alabama Crimson Tide,Georgia Bulldogs,Alabama Crimson Tide,104.0,-125.0,-1.5,-114.0,51.5,-115,-105,FanDuel,59f8c98dee8ce77cc17c5b4958e4f325,2026-10-10 08:30
2026-10-10,19:30,James Madison Dukes,Georgia Southern Eagles,James Madison Dukes,Georgia Southern Eagles,-300.0,250.0,7.5,-110.0,51.5,-115,-105,BetMGM,2876b41c9c5327639fda141d7027eadb,2026-10-10 08:29
2026-10-10,19:30,James Madison Dukes,Georgia Southern Eagles,James Madison Dukes,Georgia Southern Eagles,-310.0,250.0,7.5,-115.0,51.5,-110,-110,DraftKings,2876b41c9c5327639fda141d7027eadb,2026-10-10 08:29
2026-10-10,19:30,James Madison Dukes,Georgia Southern Eagles,James Madison Dukes,Georgia Southern Eagles,-285.0,230.0,7.5,-115.0,51.5,-114,-106,FanDuel,2876b41c9c5327639fda141d7027eadb,2026-10-10 08:30
2026-10-10,19:30,Louisiana Ragin Cajuns,Louisiana Tech Bulldogs,Louisiana Ragin Cajuns,Louisiana Tech Bulldogs,130.0,-155.0,-3.0,-105.0,48.5,-105,-115,BetMGM,837b4ddbdcd5e8e3a68a7c954208ff40,2026-10-10 08:29
2026-10-10,19:30,Louisiana Ragin Cajuns,Louisiana Tech Bulldogs,Louisiana Ragin Cajuns,Louisiana Tech Bulldogs,130.0,-155.0,-3.0,-108.0,48.5,-102,-118,DraftKings,837b4ddbdcd5e8e3a68a7c954208ff40,2026-10-10 08:29
2026-10-10,19:30,Louisiana Ragin Cajuns,Louisiana Tech Bulldogs,Louisiana Ragin Cajuns,Louisiana Tech Bulldogs,126.0,-152.0,-2.5,100.0,48.5,-104,-118,FanDuel,837b4ddbdcd5e8e3a68a7c954208ff40,2026-10-10 08:30
2026-10-10,19:30,Syracuse Orange,Virginia Cavaliers,Syracuse Orange,Virginia Cavaliers,340.0,-450.0,-11.5,-110.0,50.5,-110,-110,BetMGM,f7b49f43b10f581d991954dae86b9aa5,2026-10-10 08:29
2026-10-10,19:30,Syracuse Orange,Virginia Cavaliers,Syracuse Orange,Virginia Cavaliers,350.0,-455.0,-11.5,-110.0,49.5,-110,-110,DraftKings,f7b49f43b10f581d991954dae86b9aa5,2026-10-10 08:29
2026-10-10,19:30,Syracuse Orange,Virginia Cavaliers,Syracuse Orange,Virginia Cavaliers,360.0,-480.0,-10.5,-104.0,49.5,-112,-108,FanDuel,f7b49f43b10f581d991954dae86b9aa5,2026-10-10 08:30
2026-10-10,19:30,USC Trojans,Penn State Nittany Lions,USC Trojans,Penn State Nittany Lions,105.0,-125.0,-1.5,-115.0,54.5,-110,-110,BetMGM,4462f1fa168ab2a5a25fe2807ebec8ac,2026-10-10 08:29
2026-10-10,19:30,USC Trojans,Penn State Nittany Lions,USC Trojans,Penn State Nittany Lions,105.0,-125.0,-1.5,-112.0,54.5,-112,-108,DraftKings,4462f1fa168ab2a5a25fe2807ebec8ac,2026-10-10 08:29
2026-10-10,19:30,USC Trojans,Penn State Nittany Lions,USC Trojans,Penn State Nittany Lions,104.0,-125.0,-1.5,-112.0,54.5,-110,-110,FanDuel,4462f1fa168ab2a5a25fe2807ebec8ac,2026-10-10 08:30
2026-10-10,20:00,Kansas Jayhawks,Utah Utes,Kansas Jayhawks,Utah Utes,500.0,-700.0,-15.5,-110.0,51.5,-105,-115,BetMGM,616eba68e65fe65023aa2335e81096c8,2026-10-10 08:29
2026-10-10,20:00,Kansas Jayhawks,Utah Utes,Kansas Jayhawks,Utah Utes,500.0,-700.0,-15.5,-110.0,50.5,-115,-105,DraftKings,616eba68e65fe65023aa2335e81096c8,2026-10-10 08:29
2026-10-10,20:00,Kansas Jayhawks,Utah Utes,Kansas Jayhawks,Utah Utes,550.0,-820.0,-15.5,-110.0,50.5,-114,-106,FanDuel,616eba68e65fe65023aa2335e81096c8,2026-10-10 08:30
2026-10-10,20:00,Minnesota Golden Gophers,Purdue Boilermakers,Minnesota Golden Gophers,Purdue Boilermakers,-140.0,115.0,2.5,-115.0,50.5,-110,-110,BetMGM,234d9123fdc010716a5a844efaf7ab43,2026-10-10 08:29
2026-10-10,20:00,Minnesota Golden Gophers,Purdue Boilermakers,Minnesota Golden Gophers,Purdue Boilermakers,-142.0,120.0,2.5,-115.0,50.5,-108,-112,DraftKings,234d9123fdc010716a5a844efaf7ab43,2026-10-10 08:29
2026-10-10,20:00,Minnesota Golden Gophers,Purdue Boilermakers,Minnesota Golden Gophers,Purdue Boilermakers,-142.0,118.0,2.5,-118.0,50.5,-106,-114,FanDuel,234d9123fdc010716a5a844efaf7ab43,2026-10-10 08:30
2026-10-10,22:30,Boise State Broncos,Fresno State Bulldogs,Boise State Broncos,Fresno State Bulldogs,-275.0,220.0,6.5,-115.0,48.5,-110,-110,BetMGM,c4db3412210ed8e1045807c73f69b377,2026-10-10 08:29
2026-10-10,22:30,Boise State Broncos,Fresno State Bulldogs,Boise State Broncos,Fresno State Bulldogs,-258.0,210.0,7.0,-110.0,48.5,-110,-110,DraftKings,c4db3412210ed8e1045807c73f69b377,2026-10-10 08:29
2026-10-10,22:30,Boise State Broncos,Fresno State Bulldogs,Boise State Broncos,Fresno State Bulldogs,-275.0,220.0,6.5,-122.0,48.5,-108,-112,FanDuel,c4db3412210ed8e1045807c73f69b377,2026-10-10 08:30
2026-10-10,22:30,Hawaii Rainbow Warriors,Arizona State Sun Devils,Hawaii Rainbow Warriors,Arizona State Sun Devils,900.0,-1600.0,-20.5,-115.0,50.5,-110,-118,BetMGM,7dd6e0d9f2657c834974c28b286ff58d,2026-10-10 08:29
2026-10-10,22:30,Hawaii Rainbow Warriors,Arizona State Sun Devils,Hawaii Rainbow Warriors,Arizona State Sun Devils,1000.0,-1800.0,-21.0,-110.0,50.5,-115,-105,DraftKings,7dd6e0d9f2657c834974c28b286ff58d,2026-10-10 08:29
2026-10-10,22:30,Hawaii Rainbow Warriors,Arizona State Sun Devils,Hawaii Rainbow Warriors,Arizona State Sun Devils,920.0,-1800.0,-20.5,-118.0,50.5,-115,-105,FanDuel,7dd6e0d9f2657c834974c28b286ff58d,2026-10-10 08:30
2026-10-13,19:00,Delaware Blue Hens,Middle Tennessee Blue Raiders,Delaware Blue Hens,Middle Tennessee Blue Raiders,-118.0,-102.0,1.5,-110.0,48.5,-110,-110,DraftKings,62dd374d95f55eaaad10717b58220ce7,2026-10-10 08:29
2026-10-13,19:00,Delaware Blue Hens,Middle Tennessee Blue Raiders,Delaware Blue Hens,Middle Tennessee Blue Raiders,-102.0,-118.0,-1.5,-110.0,47.5,-106,-114,FanDuel,62dd374d95f55eaaad10717b58220ce7,2026-10-10 08:30
2026-10-13,20:00,Florida International Panthers,Jacksonville State Gamecocks,Florida International Panthers,Jacksonville State Gamecocks,124.0,-148.0,-3.0,-105.0,45.5,-110,-110,DraftKings,66f521c79ea8a970ed062bfed392abfb,2026-10-10 08:29
2026-10-13,20:00,Florida International Panthers,Jacksonville State Gamecocks,Florida International Panthers,Jacksonville State Gamecocks,130.0,-156.0,-3.5,-115.0,45.5,-112,-108,FanDuel,66f521c79ea8a970ed062bfed392abfb,2026-10-10 08:30
2026-10-15,20:00,Colorado State Rams,Texas State Bobcats,Colorado State Rams,Texas State Bobcats,330.0,-425.0,-12.5,-115.0,67.5,-110,-110,DraftKings,f00195614a0c305207222ba2044a9c24,2026-10-10 08:29
2026-10-15,20:00,Colorado State Rams,Texas State Bobcats,Colorado State Rams,Texas State Bobcats,340.0,-450.0,-11.5,-114.0,65.5,-112,-108,FanDuel,f00195614a0c305207222ba2044a9c24,2026-10-10 08:30
